<?xml version="1.0" encoding="utf-8" ?>
<dwsync>
<file name="FlashVars.js" server="ftp.6te.net" local="129586460677460878" remote="129588056400000000" />
<file name="URLLoader.js" server="ftp.6te.net" local="129587315941659553" remote="129588056400000000" />
<file name="Timer.js" server="C:/xampp/htdocs/js3" local="129589672545140000" remote="129589672540000000" />
<file name="URLLoader.js" server="C:/xampp/htdocs/jiggyapeAndroid/" local="129596475337605000" remote="129596475330000000" />
<file name="FlashVars.js" server="C:/xampp/htdocs/jiggyapeAndroid/" local="129597189626252500" remote="129597189620000000" />
<file name="Mobile.js" server="C:/xampp/htdocs/jiggyapeAndroid/" local="129598170057408500" remote="129598170050000000" />
<file name="URLLoader.js" server="C:/Program Files/Apache Software Foundation/Apache2.2/htdocs/jiggyapeMobile/" local="129596475330000000" remote="129596475330000000" />
<file name="Mobile.js" server="C:/Program Files/Apache Software Foundation/Apache2.2/htdocs/jiggyapeMobile/" local="129598170050000000" remote="129598170050000000" />
<file name="URLLoader.js" server="C:/Documents and Settings/FChowdhury/My Documents/Dropbox/android/" local="129596475330000000" remote="129596475330000000" />
<file name="Mobile.js" server="C:/Documents and Settings/FChowdhury/My Documents/Dropbox/android/" local="129598170050000000" remote="129598170050000000" />
</dwsync>