<?xml version="1.0" encoding="utf-8" ?>
<dwsync>
<file name="DisplayObject.js" server="ftp.6te.net" local="129587315943378358" remote="129588056400000000" />
<file name="UIElement.js" server="ftp.6te.net" local="129585024405588879" remote="129588056400000000" />
<file name="TextField.js" server="ftp.6te.net" local="129585655627919141" remote="129588056400000000" />
<file name="Sprite.js" server="ftp.6te.net" local="129584986088862717" remote="129588056400000000" />
<file name="DisplayObject.js" server="C:/xampp/htdocs/js3" local="129590971679311000" remote="129590971670000000" />
<file name="Stage.js" server="C:/xampp/htdocs/js3" local="129588713508995000" remote="129588713500000000" />
<file name="Sprite.js" server="C:/xampp/htdocs/js3" local="129585135556017000" remote="129585135550000000" />
<file name="DisplayObject.js" server="C:/xampp/htdocs/jiggyapeAndroid/" local="129598130906058500" remote="129598130900000000" />
<file name="Stage.js" server="C:/xampp/htdocs/jiggyapeAndroid/" local="129595337127267500" remote="129595337120000000" />
<file name="UIElement.js" server="C:/xampp/htdocs/jiggyapeAndroid/" local="129597211194827500" remote="129597211190000000" />
<file name="TextField.js" server="C:/xampp/htdocs/jiggyapeAndroid/" local="129596111410000000" remote="129596111410000000" />
<file name="DisplayImage.js" server="C:/xampp/htdocs/jiggyapeAndroid/" local="129598069017972000" remote="129598069010000000" />
<file name="MovieClip.js" server="C:/xampp/htdocs/jiggyapeAndroid/" local="129598056252152500" remote="129598056250000000" />
<file name="Label.js" server="C:/xampp/htdocs/jiggyapeAndroid/" local="129598069094202000" remote="129598069090000000" />
</dwsync>